{
  "name": "sayani-de-author-website",
  "version": "1.0.0",
  "description": "Professional author website for Sayani De",
  "type": "module",
  "scripts": {
    "dev": "NODE_ENV=development tsx server/index.ts",
    "build": "npm run build:client && npm run build:server",
    "build:client": "vite build",
    "build:server": "esbuild server/index.ts --bundle --platform=node --target=node18 --format=esm --outfile=dist/server.js --external:pg-native",
    "start": "NODE_ENV=production node dist/server.js",
    "preview": "vite preview"
  },
  "dependencies": {
    "@hookform/resolvers": "^3.3.2",
    "@neondatabase/serverless": "^0.9.0",
    "@radix-ui/react-accordion": "^1.1.2",
    "@radix-ui/react-alert-dialog": "^1.0.5",
    "@radix-ui/react-aspect-ratio": "^1.0.3",
    "@radix-ui/react-avatar": "^1.0.4",
    "@radix-ui/react-checkbox": "^1.0.4",
    "@radix-ui/react-collapsible": "^1.0.3",
    "@radix-ui/react-context-menu": "^2.1.5",
    "@radix-ui/react-dialog": "^1.0.5",
    "@radix-ui/react-dropdown-menu": "^2.0.6",
    "@radix-ui/react-hover-card": "^1.0.7",
    "@radix-ui/react-label": "^2.0.2",
    "@radix-ui/react-menubar": "^1.0.4",
    "@radix-ui/react-navigation-menu": "^1.1.4",
    "@radix-ui/react-popover": "^1.0.7",
    "@radix-ui/react-progress": "^1.0.3",
    "@radix-ui/react-radio-group": "^1.1.3",
    "@radix-ui/react-scroll-area": "^1.0.5",
    "@radix-ui/react-select": "^2.0.0",
    "@radix-ui/react-separator": "^1.0.3",
    "@radix-ui/react-slider": "^1.1.2",
    "@radix-ui/react-slot": "^1.0.2",
    "@radix-ui/react-switch": "^1.0.3",
    "@radix-ui/react-tabs": "^1.0.4",
    "@radix-ui/react-toast": "^1.1.5",
    "@radix-ui/react-toggle": "^1.0.3",
    "@radix-ui/react-toggle-group": "^1.0.4",
    "@radix-ui/react-tooltip": "^1.0.7",
    "@tanstack/react-query": "^5.0.0",
    "class-variance-authority": "^0.7.0",
    "clsx": "^2.0.0",
    "cmdk": "^0.2.0",
    "connect-pg-simple": "^9.0.1",
    "date-fns": "^3.0.0",
    "drizzle-orm": "^0.29.0",
    "drizzle-zod": "^0.5.1",
    "embla-carousel-react": "^8.0.0",
    "express": "^4.18.2",
    "express-session": "^1.17.3",
    "framer-motion": "^10.16.4",
    "input-otp": "^1.2.4",
    "lucide-react": "^0.294.0",
    "memorystore": "^1.6.7",
    "next-themes": "^0.2.1",
    "nodemailer": "^6.9.7",
    "passport": "^0.7.0",
    "passport-local": "^1.0.0",
    "react": "^18.2.0",
    "react-day-picker": "^8.10.0",
    "react-dom": "^18.2.0",
    "react-hook-form": "^7.48.2",
    "react-icons": "^4.12.0",
    "react-resizable-panels": "^0.0.55",
    "recharts": "^2.8.0",
    "tailwind-merge": "^2.0.0",
    "tailwindcss-animate": "^1.0.7",
    "vaul": "^0.7.9",
    "wouter": "^3.0.0",
    "ws": "^8.14.2",
    "zod": "^3.22.4",
    "zod-validation-error": "^2.1.0"
  },
  "devDependencies": {
    "@types/connect-pg-simple": "^7.0.3",
    "@types/express": "^4.17.21",
    "@types/express-session": "^1.17.10",
    "@types/node": "^20.9.0",
    "@types/nodemailer": "^6.4.14",
    "@types/passport": "^1.0.16",
    "@types/passport-local": "^1.0.38",
    "@types/react": "^18.2.37",
    "@types/react-dom": "^18.2.15",
    "@types/ws": "^8.5.9",
    "@vitejs/plugin-react": "^4.1.1",
    "autoprefixer": "^10.4.16",
    "drizzle-kit": "^0.20.6",
    "esbuild": "^0.19.7",
    "postcss": "^8.4.31",
    "tailwindcss": "^3.3.5",
    "tsx": "^4.1.2",
    "typescript": "^5.2.2",
    "vite": "^5.0.0"
  },
  "engines": {
    "node": ">=18.0.0"
  }
}